Country,Abbreviation,Gross tertiary education enrollment (%),GDP Per Capita,GDP,Population
Greece,GR,136.60%,"$19,582.54 ","$209,852,761,469 ","10,716,322"
Australia,AU,113.10%,"$54,049.83 ","$1,392,680,589,329 ","25,766,605"
Grenada,GD,104.60%,"$10,965.51 ","$1,228,170,370 ","112,003"
South Korea,KR,94.30%,"$39,238.74 ","$2,029,000,000,000 ","51,709,098"
Argentina,AR,90.00%,"$10,006.15 ","$449,663,446,954 ","44,938,712"
Spain,ES,88.90%,"$29,613.67 ","$1,394,116,310,769 ","47,076,781"
Chile,CL,88.50%,"$14,896.45 ","$282,318,159,745 ","18,952,038"
Finland,FI,88.20%,"$48,685.85 ","$268,761,201,365 ","5,520,314"
United States,US,88.20%,"$65,280.68 ","$21,427,700,000,000 ","328,239,523"
Latvia,LV,88.10%,"$17,836.36 ","$34,117,202,555 ","1,912,789"
Belarus,BY,87.40%,"$6,663.30 ","$63,080,457,023 ","9,466,856"
Saint Kitts and Nevis,KN,86.70%,"$19,896.50 ","$1,050,992,593 ","52,823"
Austria,AT,85.10%,"$50,277.28 ","$446,314,739,528 ","8,877,067"
Netherlands,NL,85.00%,"$52,447.83 ","$909,070,395,161 ","17,332,850"
Singapore,SG,84.80%,"$65,233.28 ","$372,062,527,489 ","5,703,569"
Ukraine,UA,82.70%,"$3,464.70 ","$153,781,069,118 ","44,385,155"
New Zealand,NZ,82.00%,"$42,745.05 ","$206,928,765,544 ","4,841,000"
Norway,NO,82.00%,"$75,419.63 ","$403,336,363,636 ","5,347,896"
Russia,RU,81.90%,"$11,774.16 ","$1,699,876,578,871 ","144,373,535"
Denmark,DK,80.60%,"$59,822.09 ","$348,078,018,464 ","5,818,553"
Belgium,BE,79.70%,"$46,116.70 ","$529,606,710,418 ","11,484,055"
Venezuela,VE,79.30%,"$16,915.49 ","$482,359,318,768 ","28,515,829"
Slovenia,SI,78.60%,"$25,739.25 ","$53,742,159,517 ","2,087,946"
Republic of Ireland,,77.80%,"$77,629.99 ","$388,698,711,348 ","5,007,069"
Cyprus,CY,75.90%,"$20,494.88 ","$24,564,647,935 ","1,198,575"
Lithuania,LT,72.40%,"$19,455.45 ","$54,219,315,600 ","2,786,844"
Iceland,IS,71.80%,"$66,944.83 ","$24,188,035,739 ","361,313"
Bulgaria,BG,71.00%,"$12,328.40 ","$86,000,000,000 ","6,975,761"
Peru,PE,70.70%,"$6,977.70 ","$226,848,050,820 ","32,510,453"
Germany,DE,70.20%,"$46,258.88 ","$3,845,630,030,824 ","83,132,799"
Estonia,EE,69.60%,"$23,566.89 ","$31,386,949,981 ","1,331,824"
Canada,CA,68.90%,"$46,940.60 ","$1,736,425,629,520 ","36,991,981"
Iran,IR,68.10%,"$5,371.18 ","$445,345,282,123 ","82,913,906"
Saudi Arabia,SA,68.00%,"$23,139.80 ","$792,966,838,162 ","34,268,528"
Croatia,HR,67.90%,"$14,853.24 ","$60,415,553,039 ","4,067,500"
Poland,PL,67.80%,"$15,595.23 ","$592,164,400,688 ","37,970,874"
Serbia,RS,67.20%,"$7,402.35 ","$51,409,167,351 ","6,944,975"
Sweden,SE,67.00%,"$51,610.07 ","$530,832,908,738 ","10,285,453"
France,FR,65.60%,"$40,493.93 ","$2,715,518,274,227 ","67,059,887"
Mongolia,MN,65.60%,"$4,295.24 ","$13,852,850,259 ","3,225,167"
Barbados,BB,65.40%,"$18,148.24 ","$5,209,000,000 ","287,025"
Czech Republic,CZ,64.10%,"$23,101.78 ","$246,489,245,495 ","10,669,709"
Georgia,GE,63.90%,"$4,769.19 ","$17,743,195,770 ","3,720,382"
Portugal,PT,63.90%,"$23,145.04 ","$237,686,075,635 ","10,269,417"
Israel,IL,63.40%,"$43,641.40 ","$395,098,666,122 ","9,053,300"
Japan,JP,63.20%,"$40,259.11 ","$5,081,769,542,380 ","126,226,568"
Uruguay,UY,63.10%,"$16,190.13 ","$56,045,912,952 ","3,461,734"
Italy,IT,61.90%,"$33,189.57 ","$2,001,244,392,042 ","60,297,396"
Kazakhstan,KZ,61.70%,"$9,731.15 ","$180,161,741,180 ","18,513,930"
Libya,LY,60.50%,"$7,683.75 ","$52,076,250,948 ","6,777,452"
United Kingdom,GB,60.00%,"$42,300.27 ","$2,827,113,184,696 ","66,834,405"
Dominican Republic,DO,59.90%,"$8,282.12 ","$88,941,298,258 ","10,738,958"
Switzerland,CH,59.60%,"$81,993.73 ","$703,082,435,360 ","8,574,832"
Montenegro,ME,56.10%,"$8,832.04 ","$5,494,736,901 ","622,137"
Colombia,CO,55.30%,"$6,432.39 ","$323,802,808,108 ","50,339,443"
Costa Rica,CR,55.20%,"$12,238.37 ","$61,773,944,174 ","5,047,561"
Albania,AL,55.00%,"$5,352.86 ","$15,278,077,447 ","2,854,191"
Palau,PW,54.70%,"$15,575.87 ","$283,994,900 ","18,233"
Armenia,AM,54.60%,"$4,622.73 ","$13,672,802,158 ","2,957,731"
Kuwait,KW,54.40%,"$32,031.98 ","$134,761,198,946 ","4,207,083"
Malta,MT,54.30%,"$29,416.23 ","$14,786,156,563 ","502,653"
Algeria,DZ,51.40%,"$3,948.34 ","$169,988,236,398 ","43,053,054"
Brazil,BR,51.30%,"$8,655.26 ","$1,839,758,040,766 ","212,559,417"
China,CN,50.60%,"$14,244.68 ","$19,910,000,000,000 ","1,397,715,000"
Bahrain,BH,50.50%,"$25,688.05 ","$38,574,069,149 ","1,501,635"
Romania,RO,49.40%,"$12,919.53 ","$250,077,444,017 ","19,356,544"
Thailand,TH,49.30%,"$7,808.19 ","$543,649,976,166 ","69,625,582"
Hungary,HU,48.50%,"$16,475.74 ","$160,967,157,504 ","9,769,949"
Panama,PA,47.80%,"$15,731.02 ","$66,800,800,000 ","4,246,439"
Slovakia,SK,46.60%,"$19,329.10 ","$105,422,304,976 ","5,454,073"
Malaysia,MY,45.10%,"$11,239.78 ","$364,701,517,788 ","32,447,385"
Ecuador,EC,44.90%,"$6,183.82 ","$107,435,665,000 ","17,373,662"
San Marino,SM,42.50%,"$48,373.63 ","$1,637,931,034 ","33,860"
Cuba,CU,41.40%,"$8,825.44 ","$100,023,000,000 ","11,333,483"
Kyrgyzstan,KG,41.30%,"$1,309.39 ","$8,454,619,608 ","6,456,900"
Mauritius,MU,40.60%,"$11,203.54 ","$14,180,444,557 ","1,265,711"
Mexico,MX,40.20%,"$9,985.29 ","$1,258,286,717,125 ","126,014,024"
Syria,SY,40.10%,"$2,367.00 ","$40,405,006,007 ","17,070,135"
Moldova,MD,39.80%,"$4,498.52 ","$11,955,435,457 ","2,657,637"
Oman,OM,38.00%,"$14,617.41 ","$76,983,094,928 ","5,266,535"
United Arab Emirates,AE,36.80%,"$43,103.32 ","$421,142,267,938 ","9,770,529"
Indonesia,ID,36.30%,"$4,142.02 ","$1,119,190,780,753 ","270,203,917"
Morocco,MA,35.90%,"$3,216.57 ","$118,725,279,596 ","36,910,560"
Liechtenstein,LI,35.60%,"$172,357.47 ","$6,552,858,739 ","38,019"
Philippines,PH,35.50%,"$3,485.08 ","$376,795,508,680 ","108,116,615"
Egypt,EG,35.20%,"$3,020.03 ","$303,175,127,598 ","100,388,073"
Paraguay,PY,34.60%,"$5,414.80 ","$38,145,288,940 ","7,044,636"
Jordan,JO,34.40%,"$4,330.33 ","$43,743,661,972 ","10,101,694"
Tunisia,TN,31.70%,"$3,317.54 ","$38,797,709,924 ","11,694,719"
Brunei,BN,31.40%,"$31,086.75 ","$13,469,422,941 ","433,285"
Tajikistan,TJ,31.30%,$870.79 ,"$8,116,626,794 ","9,321,018"
Maldives,MV,31.20%,"$10,790.50 ","$5,729,248,472 ","530,953"
El Salvador,SV,29.40%,"$4,187.25 ","$27,022,640,000 ","6,453,553"
Vietnam,VN,28.50%,"$2,715.28 ","$261,921,244,843 ","96,462,106"
India,IN,28.10%,"$1,910.84 ","$2,611,000,000,000 ","1,366,417,754"
Azerbaijan,AZ,27.70%,"$3,911.58 ","$39,207,000,000 ","10,023,318"
Jamaica,JM,27.10%,"$5,582.26 ","$16,458,071,068 ","2,948,279"
North Korea,KP,27.00%,"$1,250.67 ","$32,100,000,000 ","25,666,161"
Lebanon,LB,26.30%,"$7,784.32 ","$53,367,042,272 ","6,855,713"
Honduras,HN,26.20%,"$2,574.91 ","$25,095,395,475 ","9,746,117"
Botswana,BW,24.90%,"$7,817.18 ","$18,340,510,789 ","2,346,179"
Antigua and Barbuda,AG,24.80%,"$17,790.31 ","$1,727,759,259 ","97,118"
Belize,BZ,24.70%,"$4,815.16 ","$1,879,613,600 ","390,353"
Turkey,TR,23.90%,"$9,042.49 ","$754,411,708,203 ","83,429,615"
Marshall Islands,MH,23.70%,"$3,763.81 ","$221,278,000 ","58,791"
Saint Vincent and the Grenadines,VC,23.70%,"$8,216.47 ","$825,385,185 ","100,455"
Cape Verde,CV,23.60%,"$4,097.87 ","$1,981,845,741 ","483,628"
Bosnia and Herzegovina,BA,23.30%,"$6,073.27 ","$20,047,848,435 ","3,301,000"
Namibia,,22.90%,"$4,957.46 ","$12,366,527,719 ","2,494,530"
South Africa,ZA,22.40%,"$6,001.40 ","$351,431,649,241 ","58,558,270"
Guatemala,GT,21.80%,"$4,619.99 ","$76,710,385,880 ","16,604,026"
Bangladesh,BD,20.60%,"$1,808.44 ","$302,571,254,131 ","167,310,838"
Sri Lanka,LK,19.60%,"$3,853.08 ","$84,008,783,756 ","21,803,000"
Luxembourg,LU,19.20%,"$110,172.37 ","$71,104,919,108 ","645,397"
Myanmar,MM,18.80%,"$1,407.81 ","$76,085,852,617 ","54,045,420"
Qatar,QA,17.90%,"$64,781.73 ","$183,466,208,791 ","2,832,067"
East Timor,TL,17.80%,$478.15 ,"$1,673,540,300 ","3,500,000"
Nicaragua,NI,17.40%,"$1,912.90 ","$12,520,915,291 ","6,545,502"
Seychelles,SC,17.10%,"$17,401.72 ","$1,698,843,063 ","97,625"
Sudan,SD,16.90%,$441.51 ,"$18,902,284,476 ","42,813,238"
Iraq,IQ,16.20%,"$5,955.11 ","$234,094,042,939 ","39,309,783"
Fiji,FJ,16.10%,"$6,220.05 ","$5,535,548,972 ","889,953"
Ghana,GH,15.70%,"$2,175.32 ","$66,983,634,224 ","30,792,608"
Bhutan,BT,15.60%,"$3,364.77 ","$2,446,674,101 ","727,145"
The Bahamas,BS,15.10%,"$32,933.49 ","$12,827,000,000 ","389,482"
Laos,LA,15.00%,"$2,534.90 ","$18,173,839,128 ","7,169,455"
Togo,TG,14.50%,$675.54 ,"$5,459,979,417 ","8,082,366"
Federated States of Micronesia,FM,14.10%,"$3,531.45 ","$401,932,279 ","113,815"
Saint Lucia,LC,14.10%,"$11,611.42 ","$2,122,450,630 ","182,790"
Cambodia,KH,13.70%,"$1,643.12 ","$27,089,389,787 ","16,486,542"
Sï¿½ï¿½ï¿½ï¿½ï¿½ï¿½ï¿½ï¿½ï¿½ï¿½ï¿½,ST,13.40%,"$1,994.91 ","$429,016,605 ","215,056"
Cameroon,CM,12.80%,"$1,497.91 ","$38,760,467,033 ","25,876,380"
Senegal,SN,12.80%,"$1,446.83 ","$23,578,084,052 ","16,296,364"
Republic of the Congo,,12.70%,"$2,011.07 ","$10,820,591,131 ","5,380,508"
Suriname,SR,12.60%,"$6,854.91 ","$3,985,250,737 ","581,372"
Nepal,NP,12.40%,"$1,071.05 ","$30,641,380,604 ","28,608,710"
Benin,BJ,12.30%,"$1,219.43 ","$14,390,709,095 ","11,801,151"
Trinidad and Tobago,TT,12.00%,"$17,276.47 ","$24,100,202,834 ","1,394,973"
Liberia,LR,11.90%,$621.89 ,"$3,070,518,100 ","4,937,374"
Guinea,GN,11.60%,"$1,064.13 ","$13,590,281,809 ","12,771,246"
Guyana,GY,11.60%,"$5,468.36 ","$4,280,443,645 ","782,766"
Kenya,KE,11.50%,"$1,816.55 ","$95,503,088,538 ","52,573,973"
Lesotho,LS,10.20%,"$1,157.54 ","$2,460,072,444 ","2,125,268"
Nigeria,NG,10.20%,"$2,229.86 ","$448,120,428,859 ","200,963,599"
Yemen,YE,10.20%,$922.93 ,"$26,914,402,224 ","29,161,922"
Uzbekistan,UZ,10.10%,"$1,724.84 ","$57,921,286,440 ","33,580,650"
Zimbabwe,ZW,10.00%,"$1,463.99 ","$21,440,758,800 ","14,645,468"
Afghanistan,AF,9.70%,$502.12 ,"$19,101,353,833 ","38,041,754"
Angola,AO,9.30%,"$2,973.59 ","$94,635,415,870 ","31,825,295"
Ivory Coast,CI,9.30%,"$2,286.16 ","$58,792,205,642 ","25,716,544"
Comoros,KM,9.00%,"$1,393.52 ","$1,185,728,677 ","850,886"
Pakistan,PK,9.00%,"$1,405.58 ","$304,400,000,000 ","216,565,318"
Gabon,GA,8.30%,"$7,667.37 ","$16,657,960,228 ","2,172,579"
Ethiopia,ET,8.10%,$857.50 ,"$96,107,662,398 ","112,078,730"
Turkmenistan,TM,8.00%,"$6,859.73 ","$40,761,142,857 ","5,942,089"
Samoa,WS,7.60%,"$4,200.64 ","$850,655,017 ","202,506"
Mozambique,MZ,7.30%,$491.80 ,"$14,934,159,926 ","30,366,036"
Dominica,DM,7.20%,"$8,300.38 ","$596,033,333 ","71,808"
Rwanda,RW,6.70%,$801.66 ,"$10,122,472,590 ","12,626,950"
Democratic Republic of the Congo,CD,6.60%,$545.22 ,"$47,319,624,204 ","86,790,567"
Burkina Faso,BF,6.50%,$774.84 ,"$15,745,810,235 ","20,321,378"
Tonga,TO,6.40%,"$4,494.14 ","$450,353,314 ","100,209"
Burundi,BI,6.10%,$261.25 ,"$3,012,334,882 ","11,530,580"
Madagascar,MG,5.40%,$522.22 ,"$14,083,906,357 ","26,969,307"
Djibouti,DJ,5.30%,"$3,408.85 ","$3,318,716,359 ","973,560"
Mauritania,MR,5.00%,"$1,677.92 ","$7,593,752,450 ","4,525,696"
Uganda,UG,4.80%,$776.77 ,"$34,387,229,486 ","44,269,594"
Vanuatu,VU,4.70%,"$3,058.07 ","$917,058,851 ","299,882"
Mali,ML,4.50%,$890.74 ,"$17,510,141,171 ","19,658,031"
Niger,NE,4.40%,$554.60 ,"$12,928,145,120 ","23,310,715"
Zambia,ZM,4.10%,"$1,291.34 ","$23,064,722,446 ","17,861,030"
Tanzania,TZ,4.00%,"$1,089.16 ","$63,177,068,175 ","58,005,463"
Eritrea,ER,3.40%,$326.06 ,"$2,065,001,626 ","6,333,135"
Chad,TD,3.30%,$709.54 ,"$11,314,951,343 ","15,946,876"
Central African Republic,CF,3.00%,$467.91 ,"$2,220,307,369 ","4,745,185"
The Gambia,GM,2.70%,$751.29 ,"$1,763,819,048 ","2,347,706"
Guinea-Bissau,GW,2.60%,$697.78 ,"$1,340,389,411 ","1,920,922"
Somalia,SO,2.50%,$305.69 ,"$4,720,727,278 ","15,442,905"
Sierra Leone,SL,2.00%,$504.46 ,"$3,941,474,311 ","7,813,215"
Equatorial Guinea,GQ,1.90%,"$8,131.92 ","$11,026,774,945 ","1,355,986"
Papua New Guinea,PG,1.80%,"$2,845.18 ","$24,969,611,435 ","8,776,109"
Haiti,HT,1.10%,$754.59 ,"$8,498,981,821 ","11,263,077"
Malawi,MW,0.80%,$411.55 ,"$7,666,704,427 ","18,628,747"
